what,kind,bundleId,bundleVersion,description,time
activated,perspective,org.eclipse.debug.ui,,"org.eclipse.debug.ui.DebugPerspective",1525334243896
started,bundle,org.eclipse.osgi,3.6.1.R36x_v20100806,"org.eclipse.osgi",1525334243938
started,bundle,org.eclipse.equinox.simpleconfigurator,1.0.200.v20100503,"org.eclipse.equinox.simpleconfigurator",1525334243939
started,bundle,com.ibm.icu,4.2.1.v20100412,"com.ibm.icu",1525334243962
started,bundle,org.eclipse.cdt.core,5.2.1.201009141542,"org.eclipse.cdt.core",1525334243962
started,bundle,org.eclipse.cdt.debug.core,7.0.0.201009141542,"org.eclipse.cdt.debug.core",1525334243980
started,bundle,org.eclipse.cdt.debug.ui,7.0.0.201009141542,"org.eclipse.cdt.debug.ui",1525334243980
started,bundle,org.eclipse.cdt.make.core,7.0.0.201009141542,"org.eclipse.cdt.make.core",1525334244006
started,bundle,org.eclipse.cdt.make.ui,7.0.0.201009141542,"org.eclipse.cdt.make.ui",1525334244056
started,bundle,org.eclipse.cdt.managedbuilder.core,7.0.1.201009141542,"org.eclipse.cdt.managedbuilder.core",1525334244070
started,bundle,org.eclipse.cdt.ui,5.2.1.201009141542,"org.eclipse.cdt.ui",1525334244070
started,bundle,org.eclipse.compare.core,3.5.100.I20100526-0800,"org.eclipse.compare.core",1525334244071
started,bundle,org.eclipse.core.contenttype,3.4.100.v20100505-1235,"org.eclipse.core.contenttype",1525334244071
started,bundle,org.eclipse.core.databinding.observable,1.3.0.I20100601-0800,"org.eclipse.core.databinding.observable",1525334244105
started,bundle,org.eclipse.core.expressions,3.4.200.v20100505,"org.eclipse.core.expressions",1525334244106
started,bundle,org.eclipse.core.filebuffers,3.5.100.v20100520-0800,"org.eclipse.core.filebuffers",1525334244107
started,bundle,org.eclipse.core.filesystem,1.3.1.R36x_v20100727-0745,"org.eclipse.core.filesystem",1525334244116
started,bundle,org.eclipse.core.jobs,3.5.1.R36x_v20100824,"org.eclipse.core.jobs",1525334244116
started,bundle,org.eclipse.core.net,1.2.100.I20100511-0800,"org.eclipse.core.net",1525334244131
started,bundle,org.eclipse.core.resources,3.6.0.R36x_v20100825-0600,"org.eclipse.core.resources",1525334244162
started,bundle,org.eclipse.core.runtime,3.6.0.v20100505,"org.eclipse.core.runtime",1525334244162
started,bundle,org.eclipse.core.runtime.compatibility,3.2.100.v20100505,"org.eclipse.core.runtime.compatibility",1525334244163
started,bundle,org.eclipse.core.runtime.compatibility.auth,3.2.200.v20100517,"org.eclipse.core.runtime.compatibility.auth",1525334244168
started,bundle,org.eclipse.core.variables,3.2.400.v20100505,"org.eclipse.core.variables",1525334244169
started,bundle,org.eclipse.debug.core,3.6.0.v20100519,"org.eclipse.debug.core",1525334244186
started,bundle,org.eclipse.debug.ui,3.6.1.v20100901_r361,"org.eclipse.debug.ui",1525334244226
started,bundle,org.eclipse.epp.usagedata.gathering,1.3.0.R201005261100,"org.eclipse.epp.usagedata.gathering",1525334244226
started,bundle,org.eclipse.epp.usagedata.recording,1.3.0.R201005261100,"org.eclipse.epp.usagedata.recording",1525334244249
started,bundle,org.eclipse.equinox.app,1.3.1.R36x_v20100803,"org.eclipse.equinox.app",1525334244249
started,bundle,org.eclipse.equinox.common,3.6.0.v20100503,"org.eclipse.equinox.common",1525334244249
started,bundle,org.eclipse.equinox.ds,1.2.1.R36x_v20100803,"org.eclipse.equinox.ds",1525334244255
started,bundle,org.eclipse.equinox.event,1.2.0.v20100503,"org.eclipse.equinox.event",1525334244255
started,bundle,org.eclipse.equinox.p2.core,2.0.2.R36x_v20100804,"org.eclipse.equinox.p2.core",1525334244256
started,bundle,org.eclipse.equinox.p2.directorywatcher,1.0.202.R36x_v20100727,"org.eclipse.equinox.p2.directorywatcher",1525334244262
started,bundle,org.eclipse.equinox.p2.engine,2.0.0.v20100606,"org.eclipse.equinox.p2.engine",1525334244281
started,bundle,org.eclipse.equinox.p2.metadata,2.0.0.v20100601,"org.eclipse.equinox.p2.metadata",1525334244335
started,bundle,org.eclipse.equinox.p2.metadata.repository,1.1.0.v20100513,"org.eclipse.equinox.p2.metadata.repository",1525334244336
started,bundle,org.eclipse.equinox.p2.operations,2.0.0.v20100510,"org.eclipse.equinox.p2.operations",1525334244337
started,bundle,org.eclipse.equinox.p2.reconciler.dropins,1.1.0.v20100525,"org.eclipse.equinox.p2.reconciler.dropins",1525334244338
started,bundle,org.eclipse.equinox.p2.repository,2.0.1.R36x_v20100823,"org.eclipse.equinox.p2.repository",1525334244339
started,bundle,org.eclipse.equinox.p2.ui.sdk.scheduler,1.0.0.v20100507-1815,"org.eclipse.equinox.p2.ui.sdk.scheduler",1525334244340
started,bundle,org.eclipse.equinox.p2.updatechecker,1.1.101.R36x_v20100823,"org.eclipse.equinox.p2.updatechecker",1525334244343
started,bundle,org.eclipse.equinox.preferences,3.3.0.v20100503,"org.eclipse.equinox.preferences",1525334244343
started,bundle,org.eclipse.equinox.registry,3.5.0.v20100503,"org.eclipse.equinox.registry",1525334244343
started,bundle,org.eclipse.equinox.security,1.0.200.v20100503,"org.eclipse.equinox.security",1525334244348
started,bundle,org.eclipse.equinox.util,1.0.200.v20100503,"org.eclipse.equinox.util",1525334244352
started,bundle,org.eclipse.help,3.5.0.v20100524,"org.eclipse.help",1525334244382
started,bundle,org.eclipse.jface,3.6.1.M20100825-0800,"org.eclipse.jface",1525334244383
started,bundle,org.eclipse.linuxtools.cdt.autotools,2.0.0.201009101021,"org.eclipse.linuxtools.cdt.autotools",1525334244384
started,bundle,org.eclipse.linuxtools.cdt.autotools.core,1.0.0.201009101021,"org.eclipse.linuxtools.cdt.autotools.core",1525334244387
started,bundle,org.eclipse.linuxtools.systemtap.ui.dashboardextension,0.3.0.201009101021,"org.eclipse.linuxtools.systemtap.ui.dashboardextension",1525334244389
started,bundle,org.eclipse.linuxtools.systemtap.ui.editor,0.3.0.201009101021,"org.eclipse.linuxtools.systemtap.ui.editor",1525334244395
started,bundle,org.eclipse.linuxtools.systemtap.ui.graphicalrun,0.3.0.201009101021,"org.eclipse.linuxtools.systemtap.ui.graphicalrun",1525334244395
started,bundle,org.eclipse.ltk.core.refactoring,3.5.100.v20100526-0800,"org.eclipse.ltk.core.refactoring",1525334244398
started,bundle,org.eclipse.ltk.ui.refactoring,3.5.0.v20100526-0800,"org.eclipse.ltk.ui.refactoring",1525334244442
started,bundle,org.eclipse.mylyn.commons.net,3.4.1.v20100625-2100-e3x,"org.eclipse.mylyn.commons.net",1525334244442
started,bundle,org.eclipse.mylyn.monitor.ui,3.4.0.v20100608-0100-e3x,"org.eclipse.mylyn.monitor.ui",1525334244443
started,bundle,org.eclipse.search,3.6.0.v20100520-0800,"org.eclipse.search",1525334244463
started,bundle,org.eclipse.team.core,3.5.100.R36x_v20100825-0800,"org.eclipse.team.core",1525334244476
started,bundle,org.eclipse.ui,3.6.1.M20100826-1330,"org.eclipse.ui",1525334244478
started,bundle,org.eclipse.ui.console,3.5.0.v20100526,"org.eclipse.ui.console",1525334244501
started,bundle,org.eclipse.ui.editors,3.6.1.r361_v20100825-0800,"org.eclipse.ui.editors",1525334244501
started,bundle,org.eclipse.ui.externaltools,3.2.0.v20100427,"org.eclipse.ui.externaltools",1525334244515
started,bundle,org.eclipse.ui.forms,3.5.2.r36_v20100702,"org.eclipse.ui.forms",1525334244547
started,bundle,org.eclipse.ui.ide,3.6.1.M20100825-0800,"org.eclipse.ui.ide",1525334244561
started,bundle,org.eclipse.ui.navigator,3.5.0.I20100601-0800,"org.eclipse.ui.navigator",1525334244576
started,bundle,org.eclipse.ui.net,1.2.100.I20100505-1245,"org.eclipse.ui.net",1525334244580
started,bundle,org.eclipse.ui.views,3.5.0.I20100527-0800,"org.eclipse.ui.views",1525334244580
started,bundle,org.eclipse.ui.workbench,3.6.1.M20100826-1330,"org.eclipse.ui.workbench",1525334244581
started,bundle,org.eclipse.ui.workbench.texteditor,3.6.1.r361_v20100714-0800,"org.eclipse.ui.workbench.texteditor",1525334244604
os,sysinfo,,,"linux",1525334244617
arch,sysinfo,,,"x86_64",1525334244617
ws,sysinfo,,,"gtk",1525334244617
locale,sysinfo,,,"en_US",1525334244617
processors,sysinfo,,,"1",1525334244617
java.runtime.name,sysinfo,,,"OpenJDK Runtime Environment",1525334244617
java.runtime.version,sysinfo,,,"1.8.0_162-8u162-b12-0ubuntu0.16.04.2-b12",1525334244617
java.specification.name,sysinfo,,,"Java Platform API Specification",1525334244617
java.specification.vendor,sysinfo,,,"Oracle Corporation",1525334244617
java.specification.version,sysinfo,,,"1.8",1525334244617
java.vendor,sysinfo,,,"Oracle Corporation",1525334244617
java.version,sysinfo,,,"1.8.0_162",1525334244617
java.vm.info,sysinfo,,,"mixed mode",1525334244617
java.vm.name,sysinfo,,,"OpenJDK 64-Bit Server VM",1525334244617
java.vm.specification.name,sysinfo,,,"Java Virtual Machine Specification",1525334244617
java.vm.specification.vendor,sysinfo,,,"Oracle Corporation",1525334244617
java.vm.specification.version,sysinfo,,,"1.8",1525334244617
java.vm.vendor,sysinfo,,,"Oracle Corporation",1525334244617
java.vm.version,sysinfo,,,"25.162-b12",1525334244617
started,bundle,org.eclipse.mylyn.commons.ui,3.4.0.v20100608-0100-e3x,"org.eclipse.mylyn.commons.ui",1525334245338
started,bundle,org.eclipse.mylyn.bugzilla.core,3.4.2.v20100902-0100-e3x,"org.eclipse.mylyn.bugzilla.core",1525334245755
started,bundle,org.eclipse.mylyn.bugzilla.ui,3.4.2.v20100909-0100-e3x,"org.eclipse.mylyn.bugzilla.ui",1525334245940
started,bundle,org.eclipse.mylyn.context.core,3.4.1.v20100909-0100-e3x,"org.eclipse.mylyn.context.core",1525334246169
started,bundle,org.eclipse.mylyn.context.ui,3.4.1.v20100909-0100-e3x,"org.eclipse.mylyn.context.ui",1525334246236
started,bundle,org.eclipse.mylyn.tasks.ui,3.4.2.v20100902-0100-e3x,"org.eclipse.mylyn.tasks.ui",1525334246639
started,bundle,org.eclipse.mylyn.team.ui,3.4.2.v20100909-0100-e3x,"org.eclipse.mylyn.team.ui",1525334246751
started,bundle,org.eclipse.update.scheduler,3.2.300.v20100512,"org.eclipse.update.scheduler",1525334246804
started,bundle,org.eclipse.update.configurator,3.3.100.v20100512,"org.eclipse.update.configurator",1525334247034
started,bundle,org.eclipse.update.core,3.2.402.R36x_v20100629,"org.eclipse.update.core",1525334247097
started,bundle,org.eclipse.jsch.core,1.1.200.I20100505-1245,"org.eclipse.jsch.core",1525334247922
started,bundle,org.eclipse.team.cvs.core,3.3.300.I20100526-0800,"org.eclipse.team.cvs.core",1525334247935
started,bundle,org.eclipse.team.ui,3.5.101.R36x_v20100825-0800,"org.eclipse.team.ui",1525334248052
started,bundle,org.eclipse.team.cvs.ui,3.3.301.R36x_v20100825-0800,"org.eclipse.team.cvs.ui",1525334248207
activated,workbench,org.eclipse.ui.workbench,3.6.1.M20100826-1330,"",1525335542238
started,bundle,org.eclipse.linuxtools.cdt.libhover,1.0.3.201009101021,"org.eclipse.linuxtools.cdt.libhover",1525335544438
started,bundle,org.eclipse.cdt.launch,6.1.0.201009141542,"org.eclipse.cdt.launch",1525335550853
started,bundle,org.eclipse.cdt.dsf,2.1.0.201009141542,"org.eclipse.cdt.dsf",1525335550882
started,bundle,org.eclipse.cdt.dsf.gdb,3.0.0.201009141542,"org.eclipse.cdt.dsf.gdb",1525335550896
started,bundle,org.eclipse.cdt.managedbuilder.gnu.ui,7.0.0.201009141542,"org.eclipse.cdt.managedbuilder.gnu.ui",1525335552394
started,bundle,org.eclipse.cdt.dsf.gdb.ui,2.1.0.201009141542,"org.eclipse.cdt.dsf.gdb.ui",1525335560615
started,bundle,org.eclipse.cdt.dsf.ui,2.1.1.201009141542,"org.eclipse.cdt.dsf.ui",1525335560694
activated,view,org.eclipse.ui.console,3.5.0.v20100526,"org.eclipse.ui.console.ConsoleView",1525335561644
started,bundle,org.eclipse.core.externaltools,1.0.1.v20100831_r361,"org.eclipse.core.externaltools",1525335561874
started,bundle,org.eclipse.cdt.debug.mi.ui,6.1.0.201009141542,"org.eclipse.cdt.debug.mi.ui",1525335567672
started,bundle,org.eclipse.cdt.debug.mi.core,7.0.1.201009141542,"org.eclipse.cdt.debug.mi.core",1525335567763
opened,view,org.eclipse.debug.ui,3.6.1.v20100901_r361,"org.eclipse.debug.ui.VariableView",1525335570570
opened,view,org.eclipse.debug.ui,3.6.1.v20100901_r361,"org.eclipse.debug.ui.MemoryView",1525335570859
opened,view,org.eclipse.debug.ui,3.6.1.v20100901_r361,"org.eclipse.debug.ui.RegisterView",1525335571020
opened,view,org.eclipse.debug.ui,3.6.1.v20100901_r361,"org.eclipse.debug.ui.ModuleView",1525335571116
deactivated,workbench,org.eclipse.ui.workbench,3.6.1.M20100826-1330,"",1525335585893
activated,workbench,org.eclipse.ui.workbench,3.6.1.M20100826-1330,"",1525335657739
deactivated,workbench,org.eclipse.ui.workbench,3.6.1.M20100826-1330,"",1525335660110
activated,workbench,org.eclipse.ui.workbench,3.6.1.M20100826-1330,"",1525335660859
activated,editor,org.eclipse.cdt.ui,5.2.1.201009141542,"org.eclipse.cdt.ui.editor.CEditor",1525335661248
executed,command,org.eclipse.debug.ui,3.6.1.v20100901_r361,"org.eclipse.debug.ui.commands.StepOver",1525335662533
executed,command,org.eclipse.debug.ui,3.6.1.v20100901_r361,"org.eclipse.debug.ui.commands.StepOver",1525335662650
executed,command,org.eclipse.debug.ui,3.6.1.v20100901_r361,"org.eclipse.debug.ui.commands.StepOver",1525335662853
executed,command,org.eclipse.debug.ui,3.6.1.v20100901_r361,"org.eclipse.debug.ui.commands.StepOver",1525335663001
executed,command,org.eclipse.debug.ui,3.6.1.v20100901_r361,"org.eclipse.debug.ui.commands.StepOver",1525335663258
executed,command,org.eclipse.debug.ui,3.6.1.v20100901_r361,"org.eclipse.debug.ui.commands.StepOver",1525335663428
executed,command,org.eclipse.debug.ui,3.6.1.v20100901_r361,"org.eclipse.debug.ui.commands.StepOver",1525335663613
executed,command,org.eclipse.debug.ui,3.6.1.v20100901_r361,"org.eclipse.debug.ui.commands.StepOver",1525335663828
executed,command,org.eclipse.debug.ui,3.6.1.v20100901_r361,"org.eclipse.debug.ui.commands.StepOver",1525335663918
executed,command,org.eclipse.debug.ui,3.6.1.v20100901_r361,"org.eclipse.debug.ui.commands.StepOver",1525335664077
executed,command,org.eclipse.debug.ui,3.6.1.v20100901_r361,"org.eclipse.debug.ui.commands.StepOver",1525335664299
executed,command,org.eclipse.debug.ui,3.6.1.v20100901_r361,"org.eclipse.debug.ui.commands.StepOver",1525335664462
executed,command,org.eclipse.debug.ui,3.6.1.v20100901_r361,"org.eclipse.debug.ui.commands.StepOver",1525335664616
executed,command,org.eclipse.debug.ui,3.6.1.v20100901_r361,"org.eclipse.debug.ui.commands.StepOver",1525335664831
executed,command,org.eclipse.debug.ui,3.6.1.v20100901_r361,"org.eclipse.debug.ui.commands.StepOver",1525335664978
executed,command,org.eclipse.debug.ui,3.6.1.v20100901_r361,"org.eclipse.debug.ui.commands.StepOver",1525335665168
activated,view,org.eclipse.ui.console,3.5.0.v20100526,"org.eclipse.ui.console.ConsoleView",1525335668483
executed,command,org.eclipse.debug.ui,3.6.1.v20100901_r361,"org.eclipse.debug.ui.commands.StepOver",1525335672162
executed,command,org.eclipse.debug.ui,3.6.1.v20100901_r361,"org.eclipse.debug.ui.commands.StepOver",1525335672314
executed,command,org.eclipse.debug.ui,3.6.1.v20100901_r361,"org.eclipse.debug.ui.commands.StepOver",1525335672572
executed,command,org.eclipse.debug.ui,3.6.1.v20100901_r361,"org.eclipse.debug.ui.commands.StepOver",1525335672733
executed,command,org.eclipse.debug.ui,3.6.1.v20100901_r361,"org.eclipse.debug.ui.commands.StepOver",1525335672929
executed,command,org.eclipse.debug.ui,3.6.1.v20100901_r361,"org.eclipse.debug.ui.commands.StepOver",1525335673134
executed,command,org.eclipse.debug.ui,3.6.1.v20100901_r361,"org.eclipse.debug.ui.commands.StepOver",1525335674284
executed,command,org.eclipse.debug.ui,3.6.1.v20100901_r361,"org.eclipse.debug.ui.commands.StepOver",1525335674576
executed,command,org.eclipse.debug.ui,3.6.1.v20100901_r361,"org.eclipse.debug.ui.commands.StepOver",1525335674775
executed,command,org.eclipse.debug.ui,3.6.1.v20100901_r361,"org.eclipse.debug.ui.commands.StepOver",1525335681048
executed,command,org.eclipse.debug.ui,3.6.1.v20100901_r361,"org.eclipse.debug.ui.commands.StepOver",1525335681219
executed,command,org.eclipse.debug.ui,3.6.1.v20100901_r361,"org.eclipse.debug.ui.commands.StepOver",1525335681426
executed,command,org.eclipse.debug.ui,3.6.1.v20100901_r361,"org.eclipse.debug.ui.commands.StepOver",1525335681597
executed,command,org.eclipse.debug.ui,3.6.1.v20100901_r361,"org.eclipse.debug.ui.commands.StepOver",1525335681748
executed,command,org.eclipse.debug.ui,3.6.1.v20100901_r361,"org.eclipse.debug.ui.commands.StepOver",1525335681936
executed,command,org.eclipse.debug.ui,3.6.1.v20100901_r361,"org.eclipse.debug.ui.commands.StepOver",1525335682120
executed,command,org.eclipse.debug.ui,3.6.1.v20100901_r361,"org.eclipse.debug.ui.commands.StepOver",1525335682311
executed,command,org.eclipse.debug.ui,3.6.1.v20100901_r361,"org.eclipse.debug.ui.commands.StepOver",1525335682487
executed,command,org.eclipse.debug.ui,3.6.1.v20100901_r361,"org.eclipse.debug.ui.commands.StepOver",1525335682683
executed,command,org.eclipse.debug.ui,3.6.1.v20100901_r361,"org.eclipse.debug.ui.commands.StepOver",1525335700420
executed,command,org.eclipse.debug.ui,3.6.1.v20100901_r361,"org.eclipse.debug.ui.commands.StepOver",1525335701034
executed,command,org.eclipse.debug.ui,3.6.1.v20100901_r361,"org.eclipse.debug.ui.commands.StepOver",1525335702554
opened,editor,org.eclipse.cdt.debug.ui,7.0.0.201009141542,"org.eclipse.cdt.debug.ui.SourceNotFoundEditor",1525335702847
deactivated,workbench,org.eclipse.ui.workbench,3.6.1.M20100826-1330,"",1525335715640
activated,workbench,org.eclipse.ui.workbench,3.6.1.M20100826-1330,"",1525335723681
activated,editor,org.eclipse.cdt.debug.ui,7.0.0.201009141542,"org.eclipse.cdt.debug.ui.SourceNotFoundEditor",1525335723800
activated,view,org.eclipse.debug.ui,3.6.1.v20100901_r361,"org.eclipse.debug.ui.DebugView",1525335725175
executed,command,org.eclipse.debug.ui,3.6.1.v20100901_r361,"org.eclipse.debug.ui.commands.Terminate",1525335725244
deactivated,workbench,org.eclipse.ui.workbench,3.6.1.M20100826-1330,"",1525335730667
activated,workbench,org.eclipse.ui.workbench,3.6.1.M20100826-1330,"",1525335760780
activated,editor,org.eclipse.cdt.ui,5.2.1.201009141542,"org.eclipse.cdt.ui.editor.CEditor",1525335761028
executed,command,org.eclipse.debug.ui,3.6.1.v20100901_r361,"org.eclipse.debug.ui.commands.StepOver",1525335761947
executed,command,org.eclipse.debug.ui,3.6.1.v20100901_r361,"org.eclipse.debug.ui.commands.StepOver",1525335762113
executed,command,org.eclipse.debug.ui,3.6.1.v20100901_r361,"org.eclipse.debug.ui.commands.StepOver",1525335762302
executed,command,org.eclipse.debug.ui,3.6.1.v20100901_r361,"org.eclipse.debug.ui.commands.StepOver",1525335762454
executed,command,org.eclipse.debug.ui,3.6.1.v20100901_r361,"org.eclipse.debug.ui.commands.StepOver",1525335762606
executed,command,org.eclipse.debug.ui,3.6.1.v20100901_r361,"org.eclipse.debug.ui.commands.StepOver",1525335762755
executed,command,org.eclipse.debug.ui,3.6.1.v20100901_r361,"org.eclipse.debug.ui.commands.StepOver",1525335762912
executed,command,org.eclipse.debug.ui,3.6.1.v20100901_r361,"org.eclipse.debug.ui.commands.StepOver",1525335763219
executed,command,org.eclipse.debug.ui,3.6.1.v20100901_r361,"org.eclipse.debug.ui.commands.StepOver",1525335763342
executed,command,org.eclipse.debug.ui,3.6.1.v20100901_r361,"org.eclipse.debug.ui.commands.StepOver",1525335763534
executed,command,org.eclipse.debug.ui,3.6.1.v20100901_r361,"org.eclipse.debug.ui.commands.StepOver",1525335763718
executed,command,org.eclipse.debug.ui,3.6.1.v20100901_r361,"org.eclipse.debug.ui.commands.StepOver",1525335763859
executed,command,org.eclipse.debug.ui,3.6.1.v20100901_r361,"org.eclipse.debug.ui.commands.StepOver",1525335764046
executed,command,org.eclipse.debug.ui,3.6.1.v20100901_r361,"org.eclipse.debug.ui.commands.StepOver",1525335764207
executed,command,org.eclipse.debug.ui,3.6.1.v20100901_r361,"org.eclipse.debug.ui.commands.StepOver",1525335764392
activated,view,org.eclipse.ui.console,3.5.0.v20100526,"org.eclipse.ui.console.ConsoleView",1525335769671
executed,command,org.eclipse.debug.ui,3.6.1.v20100901_r361,"org.eclipse.debug.ui.commands.StepOver",1525335773008
executed,command,org.eclipse.debug.ui,3.6.1.v20100901_r361,"org.eclipse.debug.ui.commands.StepOver",1525335773186
executed,command,org.eclipse.debug.ui,3.6.1.v20100901_r361,"org.eclipse.debug.ui.commands.StepOver",1525335773378
executed,command,org.eclipse.debug.ui,3.6.1.v20100901_r361,"org.eclipse.debug.ui.commands.StepOver",1525335773540
executed,command,org.eclipse.debug.ui,3.6.1.v20100901_r361,"org.eclipse.debug.ui.commands.StepOver",1525335773736
executed,command,org.eclipse.debug.ui,3.6.1.v20100901_r361,"org.eclipse.debug.ui.commands.StepOver",1525335774510
executed,command,org.eclipse.debug.ui,3.6.1.v20100901_r361,"org.eclipse.debug.ui.commands.StepOver",1525335774711
executed,command,org.eclipse.debug.ui,3.6.1.v20100901_r361,"org.eclipse.debug.ui.commands.StepOver",1525335774882
executed,command,org.eclipse.debug.ui,3.6.1.v20100901_r361,"org.eclipse.debug.ui.commands.StepOver",1525335775079
executed,command,org.eclipse.debug.ui,3.6.1.v20100901_r361,"org.eclipse.debug.ui.commands.StepOver",1525335779553
executed,command,org.eclipse.debug.ui,3.6.1.v20100901_r361,"org.eclipse.debug.ui.commands.StepOver",1525335779778
executed,command,org.eclipse.debug.ui,3.6.1.v20100901_r361,"org.eclipse.debug.ui.commands.StepOver",1525335779953
executed,command,org.eclipse.debug.ui,3.6.1.v20100901_r361,"org.eclipse.debug.ui.commands.StepOver",1525335780109
executed,command,org.eclipse.debug.ui,3.6.1.v20100901_r361,"org.eclipse.debug.ui.commands.StepOver",1525335781736
executed,command,org.eclipse.debug.ui,3.6.1.v20100901_r361,"org.eclipse.debug.ui.commands.StepOver",1525335781974
executed,command,org.eclipse.debug.ui,3.6.1.v20100901_r361,"org.eclipse.debug.ui.commands.StepOver",1525335782167
executed,command,org.eclipse.debug.ui,3.6.1.v20100901_r361,"org.eclipse.debug.ui.commands.StepOver",1525335782386
executed,command,org.eclipse.debug.ui,3.6.1.v20100901_r361,"org.eclipse.debug.ui.commands.StepOver",1525335782558
executed,command,org.eclipse.debug.ui,3.6.1.v20100901_r361,"org.eclipse.debug.ui.commands.StepOver",1525335787368
executed,command,org.eclipse.debug.ui,3.6.1.v20100901_r361,"org.eclipse.debug.ui.commands.StepInto",1525335790273
executed,command,org.eclipse.debug.ui,3.6.1.v20100901_r361,"org.eclipse.debug.ui.commands.StepOver",1525335791153
executed,command,org.eclipse.debug.ui,3.6.1.v20100901_r361,"org.eclipse.debug.ui.commands.StepOver",1525335792002
executed,command,org.eclipse.debug.ui,3.6.1.v20100901_r361,"org.eclipse.debug.ui.commands.StepOver",1525335794177
executed,command,org.eclipse.debug.ui,3.6.1.v20100901_r361,"org.eclipse.debug.ui.commands.StepOver",1525335794803
executed,command,org.eclipse.debug.ui,3.6.1.v20100901_r361,"org.eclipse.debug.ui.commands.StepOver",1525335795289
executed,command,org.eclipse.debug.ui,3.6.1.v20100901_r361,"org.eclipse.debug.ui.commands.StepOver",1525335795878
executed,command,org.eclipse.debug.ui,3.6.1.v20100901_r361,"org.eclipse.debug.ui.commands.StepOver",1525335796236
executed,command,org.eclipse.debug.ui,3.6.1.v20100901_r361,"org.eclipse.debug.ui.commands.StepOver",1525335796706
executed,command,org.eclipse.debug.ui,3.6.1.v20100901_r361,"org.eclipse.debug.ui.commands.StepOver",1525335798238
executed,command,org.eclipse.debug.ui,3.6.1.v20100901_r361,"org.eclipse.debug.ui.commands.StepOver",1525335798505
executed,command,org.eclipse.debug.ui,3.6.1.v20100901_r361,"org.eclipse.debug.ui.commands.StepOver",1525335798805
executed,command,org.eclipse.debug.ui,3.6.1.v20100901_r361,"org.eclipse.debug.ui.commands.StepOver",1525335799036
executed,command,org.eclipse.debug.ui,3.6.1.v20100901_r361,"org.eclipse.debug.ui.commands.StepOver",1525335799539
executed,command,org.eclipse.debug.ui,3.6.1.v20100901_r361,"org.eclipse.debug.ui.commands.StepOver",1525335799794
executed,command,org.eclipse.debug.ui,3.6.1.v20100901_r361,"org.eclipse.debug.ui.commands.StepOver",1525335799990
executed,command,org.eclipse.debug.ui,3.6.1.v20100901_r361,"org.eclipse.debug.ui.commands.StepOver",1525335800179
executed,command,org.eclipse.debug.ui,3.6.1.v20100901_r361,"org.eclipse.debug.ui.commands.StepOver",1525335800400
executed,command,org.eclipse.debug.ui,3.6.1.v20100901_r361,"org.eclipse.debug.ui.commands.StepOver",1525335800650
executed,command,org.eclipse.debug.ui,3.6.1.v20100901_r361,"org.eclipse.debug.ui.commands.StepOver",1525335800993
executed,command,org.eclipse.debug.ui,3.6.1.v20100901_r361,"org.eclipse.debug.ui.commands.StepOver",1525335801309
executed,command,org.eclipse.debug.ui,3.6.1.v20100901_r361,"org.eclipse.debug.ui.commands.StepOver",1525335801636
executed,command,org.eclipse.debug.ui,3.6.1.v20100901_r361,"org.eclipse.debug.ui.commands.StepOver",1525335801887
executed,command,org.eclipse.debug.ui,3.6.1.v20100901_r361,"org.eclipse.debug.ui.commands.StepOver",1525335802089
executed,command,org.eclipse.debug.ui,3.6.1.v20100901_r361,"org.eclipse.debug.ui.commands.StepOver",1525335802254
executed,command,org.eclipse.debug.ui,3.6.1.v20100901_r361,"org.eclipse.debug.ui.commands.StepOver",1525335802483
executed,command,org.eclipse.debug.ui,3.6.1.v20100901_r361,"org.eclipse.debug.ui.commands.StepOver",1525335802758
executed,command,org.eclipse.debug.ui,3.6.1.v20100901_r361,"org.eclipse.debug.ui.commands.StepOver",1525335803083
executed,command,org.eclipse.debug.ui,3.6.1.v20100901_r361,"org.eclipse.debug.ui.commands.StepOver",1525335803378
executed,command,org.eclipse.debug.ui,3.6.1.v20100901_r361,"org.eclipse.debug.ui.commands.StepOver",1525335803565
executed,command,org.eclipse.debug.ui,3.6.1.v20100901_r361,"org.eclipse.debug.ui.commands.StepOver",1525335803765
executed,command,org.eclipse.debug.ui,3.6.1.v20100901_r361,"org.eclipse.debug.ui.commands.StepOver",1525335804004
executed,command,org.eclipse.debug.ui,3.6.1.v20100901_r361,"org.eclipse.debug.ui.commands.StepOver",1525335807959
executed,command,org.eclipse.debug.ui,3.6.1.v20100901_r361,"org.eclipse.debug.ui.commands.StepOver",1525335808539
executed,command,org.eclipse.debug.ui,3.6.1.v20100901_r361,"org.eclipse.debug.ui.commands.StepOver",1525335809646
activated,editor,org.eclipse.cdt.ui,5.2.1.201009141542,"org.eclipse.cdt.ui.editor.CEditor",1525335827055
activated,view,org.eclipse.debug.ui,3.6.1.v20100901_r361,"org.eclipse.debug.ui.DebugView",1525335828030
deactivated,workbench,org.eclipse.ui.workbench,3.6.1.M20100826-1330,"",1525335835574
activated,workbench,org.eclipse.ui.workbench,3.6.1.M20100826-1330,"",1525335839837
activated,editor,org.eclipse.cdt.ui,5.2.1.201009141542,"org.eclipse.cdt.ui.editor.CEditor",1525335840119
activated,view,org.eclipse.debug.ui,3.6.1.v20100901_r361,"org.eclipse.debug.ui.DebugView",1525335842195
executed,command,org.eclipse.debug.ui,3.6.1.v20100901_r361,"org.eclipse.debug.ui.commands.Terminate",1525335843762
deactivated,workbench,org.eclipse.ui.workbench,3.6.1.M20100826-1330,"",1525335856669
